timestamp,object_id,clase_predicha,confianza,prob_AGN,prob_QSO,prob_VS,prob_YSO,prob_Other,ra,dec,magpsf,sigmapsf,isdiffpos,diffmaglim,fwhm,sgscore1,sgscore2,sgscore3,distpsnr1,distpsnr2,distpsnr3,classtar,ndethist,ncovhist,chinr,sharpnr,approx_nondet,gal_lat,gal_lng,ecl_lat,ecl_lng,image_processed,metadata_processed
2025-07-05 22:56:35,ZTF25aaubjsb,YSO,0.5513235,0.049998477,0.36240786,0.0057844636,0.5513235,0.030485703,235.1603245,-20.6130096,18.703866958618164,0.1262071579694748,1,19.384387969970703,2.5299999713897705,0.8751879930496216,0.8969939947128296,0.07847920060157776,6.036386489868164,10.149323463439941,11.389894485473633,0.9829999804496765,1,1345,0.5519999861717224,0.029999999329447746,1344,-999.0,-999.0,-999.0,-999.0,True,True
2025-07-05 22:56:38,ZTF25aaubjwo,Other,1.0,1.9392699e-15,4.476604e-12,2.4422908e-08,0.0,1.0,227.6317121,-7.4583675,18.830825805664062,0.1286122053861618,1,19.390348434448242,1.7400000095367432,0.7024580240249634,0.2103389948606491,0.5,6.572098731994629,10.26110553741455,11.509627342224121,0.9810000061988831,1,2145,1.2769999504089355,-0.5879999995231628,2144,-999.0,-999.0,-999.0,-999.0,True,True
2025-07-05 22:56:38,ZTF21abbtezd,AGN,1.0,1.0,0.0,3.0859108e-14,0.0,0.0,301.8702139,-8.5848216,19.99085807800293,0.18461237847805023,0,20.601364135742188,1.2285852432250977,0.9856669902801514,0.19044899940490723,0.5,0.15703865885734558,3.8636937141418457,10.051066398620605,0.8320000171661377,312,1148,0.27000001072883606,-0.0010000000474974513,836,-999.0,-999.0,-999.0,-999.0,True,True
2025-07-05 22:56:38,ZTF25aaubjpc,AGN,0.9978886,0.9978886,1.4222331e-18,0.002111399,1.1938775e-25,2.0189689e-15,195.3261659,-1.8458207,16.030038833618164,0.04278242960572243,1,19.259685516357422,3.4600000381469727,0.0041666701436042786,-999.0,-999.0,23.165117263793945,-999.0,-999.0,1.0,1,887,0.8690000176429749,-0.6520000100135803,886,-999.0,-999.0,-999.0,-999.0,True,True
2025-07-05 22:56:47,ZTF25aaubklr,Other,0.98566276,0.012479149,3.114678e-06,0.0018549731,0.0,0.98566276,308.2022902,6.6209251,17.40052604675293,0.15262183547019958,1,20.71452522277832,2.2300000190734863,0.9894170165061951,0.7835000157356262,0.9889580011367798,7.273862361907959,7.848440647125244,10.137210845947266,0.9810000061988831,1,1886,0.45399999618530273,0.0010000000474974513,1885,-999.0,-999.0,-999.0,-999.0,True,True
2025-07-05 22:56:47,ZTF25aaubkwk,AGN,1.0,1.0,0.0,2.0809674e-32,0.0,0.0,341.8110287,20.6587114,19.030040740966797,0.16626477241516113,1,20.73832130432129,2.7200000286102295,-999.0,-999.0,-999.0,-999.0,-999.0,-999.0,0.9750000238418579,1,3606,0.8960000276565552,-0.4320000112056732,3605,-999.0,-999.0,-999.0,-999.0,True,True
2025-07-05 22:56:47,ZTF17aabvetd,AGN,1.0,1.0,0.0,0.0,0.0,0.0,343.3389591,48.8095785,16.341724395751953,0.03769979253411293,0,20.189952850341797,2.9000000953674316,0.9912499785423279,0.9523749947547913,0.9754999876022339,0.052554406225681305,8.141368865966797,12.952351570129395,1.0,1323,2263,0.4869999885559082,-0.05400000140070915,940,-999.0,-999.0,-999.0,-999.0,True,True
2025-07-05 22:56:47,ZTF25aaubjpa,AGN,1.0,1.0,0.0,0.0,0.0,0.0,216.1670874,5.5813126,18.16915512084961,0.10508957505226135,1,19.496715545654297,1.8799999952316284,-999.0,-999.0,-999.0,-999.0,-999.0,-999.0,0.9950000047683716,1,3120,0.45500001311302185,-0.11699999868869781,3119,-999.0,-999.0,-999.0,-999.0,True,True
2025-07-05 22:56:47,ZTF25aaubkol,Other,1.0,0.0,0.0,1.0604875e-27,0.0,1.0,327.336014,48.5227977,19.3035888671875,0.21346627175807953,1,20.81834602355957,2.5299999713897705,0.6549170017242432,0.9593750238418579,0.525833010673523,8.455568313598633,10.59160327911377,11.591891288757324,0.9860000014305115,1,5101,0.9539999961853027,-0.057999998331069946,5100,-999.0,-999.0,-999.0,-999.0,True,True
2025-07-05 22:57:01,ZTF18abnusiy,AGN,0.999964,0.999964,0.0,3.597663e-05,0.0,0.0,7.3763543,12.247501,18.545509338378906,0.0777149498462677,1,20.220762252807617,1.1679741144180298,1.0,0.0012499999720603228,0.0744583010673523,0.12792280316352844,6.402985572814941,13.770782470703125,0.9950000047683716,736,1860,0.3630000054836273,-0.03500000014901161,1124,-999.0,-999.0,-999.0,-999.0,True,True
2025-07-05 22:57:01,ZTF18abdlfel,AGN,1.0,1.0,3.1599708e-29,3.603523e-11,2.8822812e-38,2.1514144e-36,264.8772871,5.8147554,17.516016006469727,0.06486454606056213,0,20.22764778137207,1.1960254907608032,0.9950000047683716,0.017708299681544304,0.7750210165977478,0.2702862322330475,8.179165840148926,8.291526794433594,0.8820000290870667,532,2012,0.5299999713897705,-0.003000000026077032,1480,-999.0,-999.0,-999.0,-999.0,True,True
2025-07-05 22:57:01,ZTF18adrltpd,AGN,1.0,1.0,0.0,0.0,0.0,0.0,34.6632762,45.7463901,18.180953979492188,0.10371275246143341,0,19.108911514282227,2.869999885559082,0.9852079749107361,0.9557710289955139,0.8954640030860901,0.1999332308769226,17.387929916381836,17.861202239990234,1.0,115,405,0.5870000123977661,-0.06800000369548798,290,-999.0,-999.0,-999.0,-999.0,True,True
2025-07-05 22:57:01,ZTF20aaygjcs,Other,0.9455001,0.054498833,4.95773e-09,1.0931744e-06,0.0,0.9455001,317.3857414,55.6749641,19.494142532348633,0.15845312178134918,0,20.540264129638672,1.4803727865219116,0.9937499761581421,0.5665680170059204,0.8361669778823853,0.7742342948913574,7.454164505004883,8.763713836669922,0.35100001096725464,15,2131,0.871999979019165,-0.03500000014901161,2116,-999.0,-999.0,-999.0,-999.0,True,True
2025-07-05 22:57:02,ZTF25aaubkjq,Other,1.0,2.1496731e-23,4.6990495e-21,6.546872e-13,0.0,1.0,250.1173954,0.9545818,18.260215759277344,0.0819525197148323,1,19.948944091796875,2.130000114440918,0.07887200266122818,0.9939169883728027,0.5,5.019689083099365,12.103652000427246,12.87179183959961,0.9959999918937683,2,2852,0.953000009059906,-0.20200000703334808,2850,-999.0,-999.0,-999.0,-999.0,True,True
2025-07-05 22:57:17,ZTF18aaznepu,AGN,1.0,1.0,0.0,0.0,0.0,0.0,340.0515236,54.2442893,19.211645126342773,0.1320348083972931,0,20.800045013427734,1.296125888824463,0.9956669807434082,0.9194170236587524,0.9083690047264099,0.6813923120498657,4.972384452819824,10.116752624511719,0.9919999837875366,2154,3969,0.6510000228881836,-0.057999998331069946,1815,-999.0,-999.0,-999.0,-999.0,True,True
2025-07-05 22:57:17,ZTF18ablpwyd,Other,1.0,1.3319644e-31,3.7830345e-26,2.198993e-20,0.0,1.0,33.4136865,51.4930844,17.481380462646484,0.05201021954417229,1,19.01897621154785,2.3499999046325684,0.9987499713897705,0.8769999742507935,0.6970419883728027,0.11873813718557358,5.14108419418335,8.99350643157959,1.0,657,4175,0.6570000052452087,-0.04899999871850014,3518,-999.0,-999.0,-999.0,-999.0,True,True
2025-07-05 22:57:17,ZTF18aabenuv,AGN,1.0,1.0,0.0,7.450271e-24,0.0,0.0,245.1805071,28.3436697,17.323284149169922,0.09779819846153259,0,20.062856674194336,1.1639115810394287,1.0,0.9990000128746033,0.9902080297470093,0.34372636675834656,10.241936683654785,11.741035461425781,0.996999979019165,1726,3711,0.24300000071525574,0.003000000026077032,1985,-999.0,-999.0,-999.0,-999.0,True,True
2025-07-05 22:57:17,ZTF18abrymkr,AGN,1.0,1.0,0.0,9.898856e-23,0.0,0.0,316.4654854,-0.2118095,17.354623794555664,0.08015774935483932,0,20.659500122070312,1.2677985429763794,0.5,1.0,0.5,0.49873921275138855,0.5304491519927979,1.6340446472167969,0.6309999823570251,491,1657,1.1119999885559082,-0.04500000178813934,1166,-999.0,-999.0,-999.0,-999.0,True,True
2025-07-05 22:57:17,ZTF25aaubjrv,AGN,1.0,1.0,0.0,0.0,0.0,0.0,234.88144,-21.7199547,19.172557830810547,0.21538996696472168,1,19.309894561767578,3.8299999237060547,0.9028750061988831,0.9582920074462891,0.7896959781646729,5.991680145263672,10.26427173614502,14.85860538482666,0.9819999933242798,1,576,0.4819999933242798,-0.18400000035762787,575,-999.0,-999.0,-999.0,-999.0,True,True
2025-07-05 22:57:32,ZTF25aaubkel,AGN,0.73398054,0.73398054,5.8568467e-06,0.20109972,6.891526e-33,0.0649139,299.5346353,-1.5974301,18.33795928955078,0.06866761296987534,1,20.101125717163086,2.0199999809265137,0.6302949786186218,0.8705419898033142,0.16993999481201172,4.276938438415527,5.791412353515625,9.567010879516602,0.9829999804496765,1,1680,0.6859999895095825,-0.22599999606609344,1679,-999.0,-999.0,-999.0,-999.0,True,True
2025-07-05 22:57:32,ZTF19aadorki,AGN,0.99688596,0.99688596,0.0,0.0031140654,0.0,0.0,259.0497107,-8.6357395,18.543210983276367,0.09825359284877777,0,19.976932525634766,2.3299999237060547,0.9941669702529907,0.9812679886817932,1.0,0.1803114116191864,9.985384941101074,10.058645248413086,0.996999979019165,964,1287,0.8600000143051147,-0.01899999938905239,323,-999.0,-999.0,-999.0,-999.0,True,True
2025-07-05 22:57:32,ZTF19aasiueb,AGN,1.0,1.0,1.5391509e-18,9.860912e-10,7.4668494e-34,1.0684722e-17,278.9004145,-7.1635864,19.592920303344727,0.19990859925746918,1,20.218347549438477,2.5199999809265137,0.5,0.970475971698761,0.8166670203208923,0.25203853845596313,5.675935745239258,7.643514633178711,0.9959999918937683,278,2177,0.6309999823570251,-0.03799999877810478,1899,-999.0,-999.0,-999.0,-999.0,True,True
2025-07-05 22:57:32,ZTF25aaubkpp,Other,0.74627507,0.2536498,1.1414766e-08,7.509684e-05,0.0,0.74627507,328.2641081,47.8959622,20.2907657623291,0.1796669363975525,0,20.854948043823242,1.2702867984771729,0.906853973865509,0.8785210251808167,0.5917860269546509,2.8227171897888184,5.040480136871338,6.31705904006958,0.6809999942779541,1,2003,0.40799999237060547,-0.003000000026077032,2002,-999.0,-999.0,-999.0,-999.0,True,True
2025-07-05 22:57:32,ZTF25aaublbx,AGN,1.0,1.0,0.0,0.0,0.0,0.0,8.1791209,11.6885719,17.081432342529297,0.16621661186218262,1,20.246206283569336,2.390000104904175,0.038624998182058334,0.5,0.04612499848008156,13.717616081237793,18.149778366088867,26.611309051513672,0.9800000190734863,1,684,0.21799999475479126,-0.14499999582767487,683,-999.0,-999.0,-999.0,-999.0,True,True
2025-07-05 22:57:46,ZTF18abajtir,AGN,1.0,1.0,0.0,1.0333076e-29,0.0,1.10057646e-35,339.7982897,53.7366923,19.308656692504883,0.12526652216911316,1,20.72697639465332,1.2900205850601196,0.9637680053710938,0.9351670145988464,0.9705179929733276,0.4106733202934265,3.675210952758789,5.977601528167725,0.9639999866485596,738,3881,0.6420000195503235,-0.06800000369548798,3143,-999.0,-999.0,-999.0,-999.0,True,True
2025-07-05 22:57:47,ZTF19abyivpj,AGN,1.0,1.0,0.0,7.2310954e-36,0.0,0.0,341.8304424,53.9850196,16.838130950927734,0.07563819736242294,1,20.728525161743164,1.3118664026260376,0.9819999933242798,0.5,0.8598750233650208,0.6791146993637085,4.860206604003906,7.163797855377197,0.996999979019165,1402,1970,0.5709999799728394,-0.020999999716877937,568,-999.0,-999.0,-999.0,-999.0,True,True
2025-07-05 22:57:47,ZTF25aaubjsc,AGN,1.0,1.0,0.0,0.0,0.0,0.0,235.0328427,-20.8191437,19.15486717224121,0.17845852673053741,1,19.384387969970703,1.850000023841858,0.9353569746017456,0.014999999664723873,0.9933329820632935,8.32437515258789,10.934126853942871,11.757977485656738,0.9789999723434448,1,579,0.656000018119812,0.01899999938905239,578,-999.0,-999.0,-999.0,-999.0,True,True
2025-07-05 22:57:47,ZTF18abnjuux,AGN,1.0,1.0,0.0,3.740686e-19,0.0,0.0,250.2105493,0.8084958,17.616214752197266,0.06504981219768524,0,19.948944091796875,3.7200000286102295,0.9825000166893005,0.9845830202102661,0.6604170203208923,0.18854103982448578,11.585495948791504,20.870162963867188,0.9829999804496765,999,2408,1.440000057220459,0.004999999888241291,1409,-999.0,-999.0,-999.0,-999.0,True,True
2025-07-05 22:57:47,ZTF18acsbqyk,AGN,0.9149223,0.9149223,5.444086e-10,2.9595332e-05,0.0,0.08504813,329.1389534,49.1622652,20.077058792114258,0.19545017182826996,0,20.804962158203125,1.2653052806854248,0.9508330225944519,0.8297979831695557,0.9636669754981995,0.19972071051597595,2.390333414077759,4.516272068023682,0.8339999914169312,17,1960,0.5519999861717224,0.014999999664723873,1943,-999.0,-999.0,-999.0,-999.0,True,True
2025-07-05 22:58:01,ZTF19acbxogh,AGN,0.9999882,0.9999882,6.413926e-13,5.2790657e-08,0.0,1.17828e-05,328.9589837,49.4016343,19.077058792114258,0.17306381464004517,0,20.804962158203125,1.2653052806854248,0.8375769853591919,0.10662499815225601,0.11054199934005737,0.8377280235290527,3.7082831859588623,4.762248992919922,0.9810000061988831,21,1772,1.222000002861023,0.04100000113248825,1751,-999.0,-999.0,-999.0,-999.0,True,True
2025-07-05 22:58:01,ZTF25aaubjqd,Other,0.9999999,9.393114e-11,6.359298e-08,1.3941415e-08,0.0,0.9999999,223.340169,17.2326782,18.754642486572266,0.16235695779323578,1,19.940773010253906,2.5,0.8547409772872925,0.0,0.9847919940948486,10.084800720214844,18.793479919433594,20.653392791748047,0.984000027179718,1,2171,0.6710000038146973,-0.42899999022483826,2170,-999.0,-999.0,-999.0,-999.0,True,True
2025-07-05 22:58:01,ZTF25aaubjuq,AGN,1.0,1.0,0.0,0.0,0.0,0.0,240.4886698,-27.3885335,17.390729904174805,0.05654830485582352,1,19.227907180786133,2.1600000858306885,0.9590209722518921,0.876908004283905,0.9671369791030884,4.611122131347656,11.084893226623535,14.182916641235352,0.9850000143051147,1,587,0.6840000152587891,-0.03200000151991844,586,-999.0,-999.0,-999.0,-999.0,True,True
2025-07-05 22:58:01,ZTF25aaubldm,Other,1.0,0.0,1.3144612e-36,9.866379e-19,0.0,1.0,12.2959993,14.0157186,19.194141387939453,0.10785944014787674,1,20.022594451904297,2.2300000190734863,0.0,0.5,0.0016666699666529894,2.935049533843994,3.663722038269043,3.8977162837982178,0.9819999933242798,2,3493,2.6760001182556152,0.24799999594688416,3491,-999.0,-999.0,-999.0,-999.0,True,True
2025-07-05 22:58:01,ZTF25aaublfa,Other,0.99989676,5.0519812e-24,2.095856e-10,0.00010327885,2.5871857e-34,0.99989676,22.4866035,44.5426685,18.711559295654297,0.17663070559501648,1,19.6043701171875,2.880000114440918,1.0,0.9615240097045898,0.788083016872406,5.9737420082092285,9.386749267578125,13.89089584350586,0.9819999933242798,1,2195,0.4970000088214874,-0.03999999910593033,2194,-999.0,-999.0,-999.0,-999.0,True,True
2025-07-05 22:58:17,ZTF18abtupgn,VS,0.99991715,0.0,0.0,0.99991715,0.0,8.2798535e-05,229.5432136,58.3668407,17.534990310668945,0.11852258443832397,0,20.017276763916016,1.1364569664001465,0.9958930015563965,0.002916669938713312,-999.0,0.6902793645858765,10.666131973266602,-999.0,0.9950000047683716,802,8987,0.8740000128746033,-0.039000000804662704,8185,-999.0,-999.0,-999.0,-999.0,True,True
2025-07-05 22:58:17,ZTF18achegoc,AGN,1.0,1.0,0.0,2.4281342e-30,0.0,0.0,300.9956323,5.3580784,19.361528396606445,0.16501423716545105,0,20.825428009033203,1.2208501100540161,0.9880539774894714,0.933542013168335,0.10582700371742249,0.02870904840528965,9.053814888000488,9.297329902648926,0.921999990940094,1249,2088,1.1890000104904175,-0.029999999329447746,839,-999.0,-999.0,-999.0,-999.0,True,True
2025-07-05 22:58:17,ZTF25aaubkhe,AGN,1.0,1.0,0.0,1.8453563e-12,0.0,0.0,258.1625145,-9.4652599,17.348405838012695,0.05116637423634529,1,19.98285675048828,1.75,0.7999169826507568,0.7858269810676575,1.0,2.5125691890716553,7.622704029083252,11.51352596282959,1.0,1,1241,0.3440000116825104,0.02500000037252903,1240,-999.0,-999.0,-999.0,-999.0,True,True
2025-07-05 22:58:17,ZTF21abxizuu,Other,1.0,1.0042047e-23,4.8608675e-26,1.2687195e-12,0.0,1.0,316.0728478,0.4956498,17.53093719482422,0.19011647999286652,1,20.477685928344727,1.3297970294952393,0.9885420203208923,0.6947199702262878,0.5908179879188538,2.6220273971557617,5.538077354431152,10.807090759277344,0.4259999990463257,16,3251,0.5270000100135803,-0.010999999940395355,3235,-999.0,-999.0,-999.0,-999.0,True,True
2025-07-05 22:58:18,ZTF22aamhakl,Other,1.0,1.7352496e-15,2.7806848e-23,1.1834818e-15,0.0,1.0,337.9365902,27.5525198,20.6106014251709,0.18359321355819702,0,20.79401206970215,2.190000057220459,0.9836670160293579,0.3754110038280487,0.25874701142311096,0.1735103279352188,3.259019613265991,13.072543144226074,0.8690000176429749,311,4106,0.5199999809265137,-0.04600000008940697,3795,-999.0,-999.0,-999.0,-999.0,True,True
2025-07-05 22:58:31,ZTF25aaubkop,Other,1.0,0.0,0.0,1.6122846e-25,0.0,1.0,326.7204732,48.0146388,20.49858856201172,0.20133239030838013,0,20.81834602355957,1.257796049118042,0.9875590205192566,0.40264299511909485,0.01708330027759075,2.6532771587371826,6.683526515960693,8.665907859802246,0.6880000233650208,1,4860,0.6100000143051147,0.017000000923871994,4859,-999.0,-999.0,-999.0,-999.0,True,True
2025-07-05 22:58:31,ZTF17aabxilu,AGN,1.0,1.0,0.0,4.894444e-22,0.0,0.0,208.6494095,50.4541883,15.820024490356445,0.012635158374905586,0,19.89960479736328,2.0899999141693115,1.0,0.0,0.9870830178260803,0.2729833126068115,22.33879852294922,27.240327835083008,0.9789999723434448,1901,3030,0.23800000548362732,0.004999999888241291,1129,-999.0,-999.0,-999.0,-999.0,True,True
2025-07-05 22:58:31,ZTF18abrynjd,AGN,1.0,1.0,0.0,0.0,0.0,0.0,301.8484309,-9.0090658,17.464174270629883,0.05339624732732773,0,20.574787139892578,2.930000066757202,0.9847919940948486,0.5,0.8158149719238281,0.1627708524465561,2.4930949211120605,5.633057594299316,0.9829999804496765,204,655,0.6349999904632568,-0.04800000041723251,451,-999.0,-999.0,-999.0,-999.0,True,True
2025-07-05 22:58:31,ZTF25aaubjnx,AGN,1.0,1.0,0.0,5.842155e-35,0.0,0.0,177.4222497,-2.9196282,19.038692474365234,0.19527824223041534,1,19.23664093017578,1.9299999475479126,0.6327080130577087,0.9976670145988464,0.41737499833106995,8.187515258789062,15.539225578308105,17.85010528564453,0.9789999723434448,1,1007,0.7620000243186951,-0.11900000274181366,1006,-999.0,-999.0,-999.0,-999.0,True,True
2025-07-05 22:58:31,ZTF25aaubknt,Other,1.0,3.9997435e-23,1.9170179e-25,1.7655116e-13,0.0,1.0,320.744287,14.3093618,19.60798454284668,0.21093012392520905,1,20.752731323242188,1.7000000476837158,0.993012011051178,0.5,0.9991670250892639,5.817084789276123,8.543953895568848,12.471818923950195,0.9919999837875366,1,3259,0.6460000276565552,0.014000000432133675,3258,-999.0,-999.0,-999.0,-999.0,True,True
2025-07-05 22:58:46,ZTF25aaubjtq,AGN,1.0,1.0,0.0,0.0,0.0,0.0,240.6207764,-26.8168951,18.180696487426758,0.0988997220993042,1,19.024580001831055,2.7100000381469727,0.9584940075874329,1.0,0.5,8.313111305236816,13.365257263183594,13.450161933898926,0.9829999804496765,1,587,0.8659999966621399,-0.07699999958276749,586,-999.0,-999.0,-999.0,-999.0,True,True
2025-07-05 22:58:46,ZTF25aaubkhx,AGN,1.0,1.0,2.1329604e-38,1.2480067e-12,0.0,0.0,258.8367124,-9.6243502,20.087379455566406,0.21293775737285614,1,20.01351547241211,1.157109022140503,0.8889170289039612,0.9611610174179077,0.12864899635314941,1.5112197399139404,5.4579973220825195,7.279844760894775,0.9380000233650208,1,1280,0.6539999842643738,-0.18299999833106995,1279,-999.0,-999.0,-999.0,-999.0,True,True
2025-07-05 22:58:46,ZTF25aaublei,AGN,0.9999982,0.9999982,5.2492856e-20,1.7518789e-06,7.073665e-27,5.5243673e-24,22.406036,18.8670174,18.766672134399414,0.15229329466819763,1,19.372892379760742,2.690000057220459,0.0,0.9860420227050781,0.0008333330042660236,13.193604469299316,19.313722610473633,22.042245864868164,0.9829999804496765,1,1275,0.335999995470047,0.04399999976158142,1274,-999.0,-999.0,-999.0,-999.0,True,True
2025-07-05 22:58:46,ZTF18abeckib,AGN,1.0,1.0,0.0,5.173885e-14,0.0,0.0,280.255992,-7.0395143,18.606584548950195,0.15564016997814178,1,20.13425064086914,1.1693251132965088,0.8610000014305115,0.5,0.8808749914169312,0.26241323351860046,3.070390462875366,3.444129467010498,0.9909999966621399,722,2094,0.33399999141693115,-0.04800000041723251,1372,-999.0,-999.0,-999.0,-999.0,True,True
2025-07-05 22:58:46,ZTF25aaubkjk,AGN,0.99464524,0.99464524,1.03068984e-10,1.0356692e-07,0.0,0.005354641,339.3614295,62.4877391,19.475736618041992,0.1724880039691925,1,20.342472076416016,1.4199999570846558,0.10508300364017487,0.9327920079231262,0.9855419993400574,2.3931033611297607,6.148351669311523,7.719133377075195,0.9919999837875366,1,2014,1.024999976158142,-0.07900000363588333,2013,-999.0,-999.0,-999.0,-999.0,True,True
2025-07-05 22:59:01,ZTF18abchhif,AGN,1.0,1.0,3.3381655e-30,1.3263351e-18,0.0,4.848503e-31,345.0808023,55.7341547,19.446426391601562,0.13175342977046967,1,20.351634979248047,1.231152892112732,1.0,0.9287919998168945,0.9272289872169495,0.6878660321235657,5.262336730957031,7.012875080108643,0.9819999933242798,217,1983,0.1850000023841858,-0.0010000000474974513,1766,-999.0,-999.0,-999.0,-999.0,True,True
2025-07-05 22:59:01,ZTF18abmagvs,AGN,1.0,1.0,0.0,2.915495e-19,0.0,0.0,299.3562429,-1.5664847,18.525121688842773,0.09949589520692825,1,20.750207901000977,2.3499999046325684,0.9822919964790344,0.9563869833946228,0.9515420198440552,0.43071988224983215,5.120049476623535,9.488276481628418,0.9879999756813049,1125,1656,0.6299999952316284,-0.04800000041723251,531,-999.0,-999.0,-999.0,-999.0,True,True
2025-07-05 22:59:01,ZTF24abpjras,AGN,1.0,1.0,0.0,1.886532e-20,0.0,0.0,249.6145922,4.866575,18.4540958404541,0.0802815854549408,0,19.980615615844727,1.2628071308135986,0.9935420155525208,0.8973129987716675,0.9927080273628235,0.063083715736866,17.501466751098633,19.497968673706055,0.6819999814033508,922,1741,1.1390000581741333,-0.07100000232458115,819,-999.0,-999.0,-999.0,-999.0,True,True
2025-07-05 22:59:01,ZTF18abcvdts,AGN,1.0,1.0,1.13638e-26,1.1106698e-19,0.0,2.0849625e-26,337.5399532,63.3347254,19.22156524658203,0.17062363028526306,1,20.27988624572754,1.1800777912139893,0.9910420179367065,0.8299400210380554,0.9657920002937317,0.5064975023269653,4.0188517570495605,8.388018608093262,0.9279999732971191,233,2015,0.5419999957084656,-0.0020000000949949026,1782,-999.0,-999.0,-999.0,-999.0,True,True
2025-07-05 22:59:01,ZTF25aaubjth,AGN,0.85501623,0.85501623,0.14393614,2.6179341e-06,2.1423473e-08,0.001044939,249.2190538,-1.4530392,16.35785675048828,0.038072556257247925,1,19.780210494995117,3.009999990463257,0.9345420002937317,0.06236109882593155,0.9437080025672913,5.740493297576904,14.927311897277832,14.959735870361328,0.9890000224113464,1,1406,1.156000018119812,-0.1509999930858612,1405,-999.0,-999.0,-999.0,-999.0,True,True
2025-07-05 22:59:16,ZTF18acfcmuy,Other,1.0,2.7844055e-19,3.6018445e-27,2.908002e-16,0.0,1.0,340.0500438,53.1569784,18.636655807495117,0.19696789979934692,1,20.72697639465332,1.2900205850601196,0.9794579744338989,0.5,0.5,0.8147035837173462,2.3691108226776123,3.9279651641845703,0.9409999847412109,178,3834,0.4480000138282776,-0.017000000923871994,3656,-999.0,-999.0,-999.0,-999.0,True,True
2025-07-05 22:59:16,ZTF21acqervu,AGN,1.0,1.0,6.591699e-37,1.0901742e-16,0.0,0.0,312.5020251,41.6136048,16.512847900390625,0.06320600211620331,0,20.828866958618164,1.2078481912612915,0.9891669750213623,0.5,0.8621730208396912,0.2889377176761627,6.424197196960449,9.498132705688477,0.996999979019165,502,2032,0.6549999713897705,-0.029999999329447746,1530,-999.0,-999.0,-999.0,-999.0,True,True
2025-07-05 22:59:16,ZTF17aaajsfj,VS,0.603266,0.396734,3.1430297e-13,0.603266,3.1114143e-11,5.6109895e-10,33.9733239,52.7666605,17.246671676635742,0.13485099375247955,1,19.009824752807617,1.205230951309204,0.987500011920929,0.8401250243186951,0.9439169764518738,0.27895206212997437,9.118904113769531,11.897662162780762,0.9959999918937683,1248,3576,0.18700000643730164,-0.008999999612569809,2328,-999.0,-999.0,-999.0,-999.0,True,True
2025-07-05 22:59:16,ZTF18abbujpa,AGN,1.0,1.0,0.0,2.987724e-32,0.0,0.0,345.1776263,55.7240454,19.084426879882812,0.15349914133548737,0,20.351634979248047,1.231152892112732,0.9987499713897705,0.937250018119812,0.8378210067749023,0.2602024972438812,3.5217034816741943,4.836805820465088,0.9829999804496765,654,1983,1.1069999933242798,-0.039000000804662704,1329,-999.0,-999.0,-999.0,-999.0,True,True
2025-07-05 22:59:16,ZTF18abmagpw,AGN,1.0,1.0,0.0,8.291065e-20,0.0,0.0,298.8901511,-1.9488147,17.428773880004883,0.075644351541996,1,20.742443084716797,2.1700000762939453,0.9937499761581421,0.5,0.9912499785423279,0.4971936345100403,10.612570762634277,11.420266151428223,1.0,1023,1673,1.6579999923706055,-0.03799999877810478,650,-999.0,-999.0,-999.0,-999.0,True,True
2025-07-05 22:59:31,ZTF18aaxmita,AGN,1.0,1.0,0.0,3.7352173e-08,0.0,0.0,215.696742,5.6500307,18.184154510498047,0.1318691521883011,0,19.496715545654297,1.1322814226150513,1.0,0.9590420126914978,0.9958329796791077,0.5632900595664978,7.563210487365723,26.078580856323242,0.9959999918937683,914,1488,0.6460000276565552,-0.02800000086426735,574,-999.0,-999.0,-999.0,-999.0,True,True
2025-07-05 22:59:31,ZTF18abeeoor,AGN,1.0,1.0,0.0,1.981041e-11,0.0,0.0,263.945601,5.4028458,19.677396774291992,0.20458829402923584,0,20.16106414794922,1.199979305267334,0.9962499737739563,0.9247919917106628,0.992917001247406,0.3887663781642914,9.126484870910645,10.884367942810059,0.875,1547,3900,0.4749999940395355,-0.02199999988079071,2353,-999.0,-999.0,-999.0,-999.0,True,True
2025-07-05 22:59:31,ZTF18adcbwoe,AGN,1.0,1.0,0.0,6.8391126e-13,0.0,0.0,29.860591,24.2916545,16.97408103942871,0.09564100950956345,0,18.46778678894043,1.3416177034378052,0.9877079725265503,0.5,-999.0,0.8816714286804199,17.44839859008789,-999.0,0.996999979019165,15,355,0.17599999904632568,0.008999999612569809,340,-999.0,-999.0,-999.0,-999.0,True,True
2025-07-05 22:59:31,ZTF25aaubkjn,AGN,0.99992585,0.99992585,7.6555273e-10,8.322659e-09,0.0,7.412372e-05,342.5088535,49.2386111,18.647724151611328,0.19626067578792572,1,20.189952850341797,1.2599999904632568,0.994583010673523,0.996874988079071,0.9887499809265137,8.217845916748047,13.001608848571777,13.989761352539062,0.9990000128746033,1,2056,0.5180000066757202,-0.017000000923871994,2055,-999.0,-999.0,-999.0,-999.0,True,True
2025-07-05 22:59:31,ZTF25aaubjpn,AGN,1.0,1.0,0.0,0.0,0.0,0.0,228.2121019,-29.8168004,19.083776473999023,0.1949891448020935,1,19.095922470092773,2.059999942779541,0.9670420289039612,0.6688960194587708,0.992792010307312,14.946807861328125,20.096235275268555,24.886871337890625,0.9789999723434448,1,267,0.5479999780654907,-0.164000004529953,266,-999.0,-999.0,-999.0,-999.0,True,True
2025-07-05 22:59:46,ZTF18abckofk,AGN,1.0,1.0,0.0,9.8868775e-26,0.0,0.0,337.357024,63.2324687,19.540565490722656,0.18222776055335999,1,20.27988624572754,1.1800777912139893,0.9795830249786377,0.9539579749107361,0.5,0.19889338314533234,10.996729850769043,11.557918548583984,0.9279999732971191,388,2015,0.6430000066757202,0.023000000044703484,1627,-999.0,-999.0,-999.0,-999.0,True,True
2025-07-05 22:59:46,ZTF18abvvwcl,AGN,1.0,1.0,0.0,4.5204028e-17,0.0,0.0,299.4634111,-2.3363278,19.57335090637207,0.13988418877124786,1,20.75149154663086,2.430000066757202,0.9818869829177856,0.9633449912071228,0.06041669845581055,0.15518586337566376,4.353315353393555,5.790717124938965,0.9739999771118164,534,1659,1.0720000267028809,-0.04800000041723251,1125,-999.0,-999.0,-999.0,-999.0,True,True
2025-07-05 22:59:46,ZTF18adbaeyj,AGN,1.0,1.0,0.0,1.4514288e-20,0.0,0.0,244.5719785,3.1600887,18.899503707885742,0.1152317076921463,1,19.97459602355957,2.4200000762939453,0.9964169859886169,0.0,0.6170420050621033,0.2771773636341095,5.265064716339111,10.724099159240723,1.0,774,1808,1.0520000457763672,-0.09600000083446503,1034,-999.0,-999.0,-999.0,-999.0,True,True
2025-07-05 22:59:46,ZTF18abjtfez,AGN,1.0,1.0,0.0,4.2500682e-20,0.0,0.0,261.1051069,8.6293513,17.995275497436523,0.08044721931219101,1,19.898113250732422,1.2615562677383423,0.9877499938011169,0.08762499690055847,0.0012499999720603228,0.08703673630952835,13.280003547668457,14.83812141418457,0.9959999918937683,1178,2504,0.8690000176429749,0.023000000044703484,1326,-999.0,-999.0,-999.0,-999.0,True,True
2025-07-05 22:59:46,ZTF18abmremq,AGN,1.0,1.0,0.0,4.0922024e-17,0.0,0.0,299.2906154,-2.2463691,18.50901222229004,0.07627048343420029,1,20.034513473510742,1.840000033378601,0.9993749856948853,0.9611610174179077,0.025863099843263626,0.026726538315415382,4.651488780975342,8.04292106628418,0.9829999804496765,761,1654,0.9929999709129333,-0.05400000140070915,893,-999.0,-999.0,-999.0,-999.0,True,True
2025-07-05 23:00:01,ZTF17aabuuck,AGN,1.0,1.0,0.0,0.0,0.0,0.0,342.8881717,48.5904458,17.81833839416504,0.05693109333515167,1,20.207447052001953,1.09109365940094,0.996874988079071,0.5,0.890500009059906,0.4656359851360321,2.2117652893066406,10.527938842773438,0.996999979019165,1341,2270,0.5220000147819519,-0.039000000804662704,929,-999.0,-999.0,-999.0,-999.0,True,True
2025-07-05 23:00:01,ZTF25aaubleu,AGN,1.0,1.0,0.0,0.0,0.0,0.0,29.2263343,24.2417089,18.905494689941406,0.1793232411146164,1,18.95494842529297,2.309999942779541,0.5,0.5,0.0012499999720603228,10.243531227111816,17.891921997070312,18.18337059020996,0.9800000190734863,1,284,0.4390000104904175,-0.03099999949336052,283,-999.0,-999.0,-999.0,-999.0,True,True
2025-07-05 23:00:01,ZTF18abhtogt,AGN,1.0,1.0,0.0,3.884773e-35,0.0,0.0,342.708626,56.0078288,16.646936416625977,0.12740656733512878,1,20.33294105529785,1.7899999618530273,0.894457995891571,0.5,0.5,0.07577969878911972,1.0155823230743408,1.4262772798538208,0.953000009059906,929,2079,0.5559999942779541,-0.027000000700354576,1150,-999.0,-999.0,-999.0,-999.0,True,True
2025-07-05 23:00:01,ZTF18achafbs,Other,1.0,3.8586754e-20,1.1317658e-23,3.5596665e-11,0.0,1.0,316.6587258,1.0925672,17.854938507080078,0.12771740555763245,0,20.477685928344727,1.3297970294952393,1.0,0.894582986831665,0.5,0.5239224433898926,8.109098434448242,8.328672409057617,0.7289999723434448,27,3116,0.3310000002384186,-0.008999999612569809,3089,-999.0,-999.0,-999.0,-999.0,True,True
2025-07-05 23:00:01,ZTF19aamhlcp,AGN,1.0,1.0,0.0,0.0,0.0,0.0,247.4118978,35.6901235,19.765987396240234,0.19687852263450623,0,20.090314865112305,1.1111680269241333,0.9638040065765381,0.014875000342726707,1.0,0.1964266002178192,12.104171752929688,12.26053524017334,0.9779999852180481,3492,9068,0.5419999957084656,-0.03400000184774399,5576,-999.0,-999.0,-999.0,-999.0,True,True
2025-07-05 23:00:16,ZTF18abbujpe,AGN,1.0,1.0,0.0,1.2387064e-26,0.0,0.0,345.1204442,55.7679699,18.40842628479004,0.10062721371650696,0,20.351634979248047,2.259999990463257,0.9862499833106995,0.9360299706459045,0.9841669797897339,0.20795176923274994,5.8477067947387695,6.020361423492432,0.9980000257492065,547,1983,0.5019999742507935,-0.004999999888241291,1436,-999.0,-999.0,-999.0,-999.0,True,True
2025-07-05 23:00:16,ZTF25aaubjwe,AGN,1.0,1.0,1.1586811e-36,1.5159369e-17,0.0,7.330437e-37,224.4992857,-2.0214223,18.888431549072266,0.192440003156662,1,19.31260871887207,2.5399999618530273,1.0,0.13030999898910522,1.0,1.747056007385254,9.480149269104004,23.54558563232422,0.8799999952316284,4,1166,0.9710000157356262,-0.0430000014603138,1162,-999.0,-999.0,-999.0,-999.0,True,True
2025-07-05 23:00:16,ZTF18aaznevp,AGN,1.0,1.0,0.0,2.4448218e-34,0.0,0.0,342.3197321,54.7137717,17.772130966186523,0.05931627377867699,1,20.728525161743164,3.680000066757202,0.5,0.5,0.5,0.1925574690103531,1.122147798538208,7.908318996429443,0.9850000143051147,1284,2005,0.4959999918937683,0.013000000268220901,721,-999.0,-999.0,-999.0,-999.0,True,True
2025-07-05 23:00:16,ZTF18acymsyp,Other,0.9595684,2.4502284e-10,1.4337913e-08,0.040431596,4.4555765e-13,0.9595684,41.1849758,40.2633434,16.91289520263672,0.13222496211528778,1,18.396276473999023,1.2887961864471436,0.9966670274734497,0.5,0.5,0.6720744371414185,1.4315381050109863,4.370946884155273,0.996999979019165,529,2625,0.49399998784065247,-0.07999999821186066,2096,-999.0,-999.0,-999.0,-999.0,True,True
2025-07-05 23:00:16,ZTF19aalzczm,AGN,1.0,1.0,0.0,3.4414749e-09,0.0,0.0,194.8033942,-0.8871452,18.441082000732422,0.12742526829242706,1,19.352375030517578,1.1488927602767944,0.9805179834365845,0.5,0.04737500101327896,0.3523244559764862,1.378043293952942,23.962678909301758,0.9890000224113464,221,975,0.4129999876022339,-0.014999999664723873,754,-999.0,-999.0,-999.0,-999.0,True,True
2025-07-05 23:00:31,ZTF18abajwcq,AGN,1.0,1.0,0.0,3.950446e-31,0.0,3.0339444e-37,340.7146733,54.0428556,19.371646881103516,0.1022745743393898,0,20.800045013427734,2.009999990463257,0.9826670289039612,0.8461670279502869,0.8620479702949524,0.11795160174369812,6.17235803604126,7.573198318481445,0.9789999723434448,762,3958,0.7080000042915344,0.0020000000949949026,3196,-999.0,-999.0,-999.0,-999.0,True,True
2025-07-05 23:00:31,ZTF17aabuanf,AGN,1.0,1.0,0.0,7.476629e-33,0.0,0.0,184.2521795,36.554573,19.030990600585938,0.21560445427894592,0,19.732145309448242,1.2285852432250977,1.0,0.0018749999580904841,0.5,0.18832308053970337,12.619117736816406,12.915899276733398,0.9890000224113464,1926,6429,1.6410000324249268,-0.04399999976158142,4503,-999.0,-999.0,-999.0,-999.0,True,True
2025-07-05 23:00:31,ZTF18abcwefp,AGN,1.0,1.0,0.0,1.3764355e-13,0.0,0.0,280.4464926,-7.1330817,18.182584762573242,0.07929535210132599,1,20.13425064086914,2.5199999809265137,0.9243450164794922,0.5,0.9390000104904175,0.21690605580806732,2.8712148666381836,2.906320095062256,0.9990000128746033,659,2099,0.5370000004768372,0.024000000208616257,1440,-999.0,-999.0,-999.0,-999.0,True,True
2025-07-05 23:00:31,ZTF18ablovun,AGN,1.0,1.0,0.0,5.1513513e-23,0.0,0.0,336.5115181,26.4380685,17.714262008666992,0.08776845782995224,1,20.78217124938965,1.2936872243881226,1.0,0.9993749856948853,0.5,0.08460061997175217,10.629809379577637,13.4059419631958,0.9940000176429749,1560,4103,0.31200000643730164,-0.009999999776482582,2543,-999.0,-999.0,-999.0,-999.0,True,True
2025-07-05 23:00:31,ZTF24aatrowf,AGN,1.0,1.0,0.0,0.0,0.0,0.0,240.7568001,-26.614831,18.04669761657715,0.1376684159040451,1,19.024580001831055,1.4447479248046875,0.9904170036315918,0.7863270044326782,0.9714639782905579,0.5066686272621155,8.810057640075684,11.41016674041748,0.9879999756813049,188,587,0.527999997138977,-0.017999999225139618,399,-999.0,-999.0,-999.0,-999.0,True,True
2025-07-05 23:00:46,ZTF20abhnrlv,AGN,1.0,1.0,0.0,0.0,0.0,0.0,240.4133776,-26.250956,17.401697158813477,0.18276669085025787,0,19.024580001831055,1.4447479248046875,0.9766669869422913,0.8980889916419983,0.994583010673523,0.3905269503593445,8.600288391113281,13.146093368530273,0.996999979019165,32,580,0.2590000033378601,-0.014000000432133675,548,-999.0,-999.0,-999.0,-999.0,True,True
2025-07-05 23:00:46,ZTF18abcdgdm,AGN,1.0,1.0,0.0,7.558158e-25,0.0,0.0,318.0478721,55.3190328,20.391141891479492,0.1993306577205658,0,20.540264129638672,1.4803727865219116,0.9060419797897339,0.45096099376678467,0.21833300590515137,0.5556273460388184,5.532379627227783,8.619970321655273,0.34700000286102295,1242,3993,1.562999963760376,0.004999999888241291,2751,-999.0,-999.0,-999.0,-999.0,True,True
2025-07-05 23:00:46,ZTF18abokqhf,AGN,1.0,1.0,0.0,1.5889097e-13,0.0,0.0,299.4413676,-2.0298487,19.39535140991211,0.12497490644454956,1,20.75149154663086,1.1947046518325806,0.9919999837875366,0.036672599613666534,0.5,0.6843377351760864,9.452226638793945,9.477946281433105,0.9020000100135803,282,1659,0.7540000081062317,-0.04899999871850014,1377,-999.0,-999.0,-999.0,-999.0,True,True
2025-07-05 23:00:46,ZTF18adryykf,AGN,0.7964224,0.7964224,0.0,0.20357762,0.0,0.0,22.6276941,18.7227841,18.399673461914062,0.10472561419010162,1,19.372892379760742,3.049999952316284,0.9798330068588257,0.014791700057685375,0.02850000001490116,0.16470672190189362,18.155424118041992,29.012264251708984,0.984000027179718,742,2003,1.0299999713897705,-0.05700000002980232,1261,-999.0,-999.0,-999.0,-999.0,True,True
2025-07-05 23:00:47,ZTF25aaublck,Other,0.9888015,1.2196139e-13,0.00034318323,0.010855396,1.7923782e-18,0.9888015,7.0114178,11.9801761,15.433509826660156,0.03512117639183998,1,20.220762252807617,3.5799999237060547,0.08025000244379044,0.017166700214147568,0.0,8.863142967224121,17.52733039855957,20.29793930053711,0.9860000014305115,1,1860,0.6570000052452087,-0.4399999976158142,1859,-999.0,-999.0,-999.0,-999.0,True,True
2025-07-05 23:01:01,ZTF17aabulht,AGN,1.0,1.0,0.0,2.658074e-19,0.0,0.0,24.4050486,30.0468606,15.438356399536133,0.020266206935048103,1,19.19512939453125,2.7100000381469727,0.9739289879798889,0.31949400901794434,0.9758750200271606,0.08932144939899445,7.051431179046631,18.150400161743164,0.9860000014305115,3392,4193,2.0769999027252197,-0.08500000089406967,801,-999.0,-999.0,-999.0,-999.0,True,True
2025-07-05 23:01:01,ZTF19acythtn,AGN,1.0,1.0,0.0,5.4921246e-16,0.0,0.0,174.7204796,81.2977588,18.78382682800293,0.07978454232215881,0,19.781225204467773,1.2628071308135986,0.9987499713897705,0.9482079744338989,0.9956250190734863,0.36069685220718384,8.65666389465332,16.333763122558594,0.9700000286102295,379,855,0.24699999392032623,-0.004999999888241291,476,-999.0,-999.0,-999.0,-999.0,True,True
2025-07-05 23:01:01,ZTF21abjzkqb,AGN,1.0,1.0,2.3038454e-37,2.327101e-08,0.0,0.0,17.6201193,24.8794876,19.84064483642578,0.16990926861763,1,20.075132369995117,1.809999942779541,0.07874999940395355,0.5,0.1348150074481964,0.05321286618709564,12.935980796813965,12.991165161132812,0.9599999785423279,599,2061,2.7230000495910645,0.2590000033378601,1462,-999.0,-999.0,-999.0,-999.0,True,True
2025-07-05 23:01:01,ZTF25aaubjup,AGN,1.0,1.0,0.0,0.0,0.0,0.0,240.8103704,-27.1467453,17.45572853088379,0.059734124690294266,1,19.227907180786133,2.25,0.9987499713897705,0.9369639754295349,0.8947920203208923,4.738992214202881,6.977908134460449,8.779016494750977,0.9829999804496765,1,585,0.4699999988079071,-0.032999999821186066,584,-999.0,-999.0,-999.0,-999.0,True,True
2025-07-05 23:01:01,ZTF25aaubkoe,Other,1.0,1.7081186e-23,2.3085928e-25,5.1948087e-14,0.0,1.0,320.744621,15.0589136,17.418424606323242,0.1807238757610321,1,20.753082275390625,3.380000114440918,0.9457079768180847,0.8221250176429749,0.009999999776482582,4.485500812530518,8.34061050415039,14.33849811553955,0.9929999709129333,1,3286,0.6060000061988831,-0.20200000703334808,3285,-999.0,-999.0,-999.0,-999.0,True,True
2025-07-05 23:01:16,ZTF18abmabif,AGN,0.9999995,0.9999995,3.7281877e-13,2.8484676e-11,0.0,5.224436e-07,339.3420122,62.9390791,19.796735763549805,0.20080693066120148,0,20.342472076416016,1.186748743057251,0.9950000047683716,0.9769110083580017,0.7621669769287109,0.04530420899391174,10.165364265441895,11.406682968139648,0.9390000104904175,25,2014,0.2540000081062317,0.004000000189989805,1989,-999.0,-999.0,-999.0,-999.0,True,True
2025-07-05 23:01:16,ZTF18abqfeom,AGN,1.0,1.0,5.7397675e-20,5.251197e-09,1.2536537e-31,1.1103144e-18,279.8561978,-7.0418429,17.549583435058594,0.1139640137553215,1,20.13425064086914,1.1693251132965088,0.7787500023841858,0.9635000228881836,0.1854349970817566,0.5237136483192444,6.378536701202393,7.719675064086914,0.9959999918937683,300,2138,0.9039999842643738,-0.03200000151991844,1838,-999.0,-999.0,-999.0,-999.0,True,True
2025-07-05 23:01:16,ZTF20aauxcvn,AGN,1.0,1.0,6.175064e-21,9.2094756e-17,1.2587925e-36,1.1793841e-13,208.0914137,49.1505408,19.047393798828125,0.19181819260120392,0,19.858341217041016,1.2690433263778687,0.038256000727415085,0.03895829990506172,0.008291670121252537,0.34336617588996887,17.56062889099121,26.44815444946289,0.9940000176429749,692,3030,1.7009999752044678,0.0989999994635582,2338,-999.0,-999.0,-999.0,-999.0,True,True
2025-07-05 23:01:16,ZTF19aayeqyv,AGN,1.0,1.0,0.0,1.2778734e-15,0.0,0.0,240.3119346,-27.8128482,16.763729095458984,0.07566322386264801,0,19.227907180786133,1.7599999904632568,0.9868329763412476,0.8487560153007507,0.9652919769287109,0.25996896624565125,12.08906078338623,13.156351089477539,0.9769999980926514,424,591,0.8889999985694885,-0.04800000041723251,167,-999.0,-999.0,-999.0,-999.0,True,True
2025-07-05 23:01:16,ZTF25aaubjny,AGN,1.0,1.0,0.0,5.592918e-36,0.0,0.0,177.9916168,-2.9936527,19.167692184448242,0.19022397696971893,1,19.23664093017578,2.450000047683716,0.13384699821472168,0.41097599267959595,0.7326850295066833,9.845048904418945,13.53412914276123,13.610235214233398,0.9620000123977661,1,996,0.5740000009536743,-0.2879999876022339,995,-999.0,-999.0,-999.0,-999.0,True,True
2025-07-05 23:01:31,ZTF18aaznevw,AGN,1.0,1.0,9.26227e-36,4.975874e-26,0.0,8.281016e-27,341.3226777,54.1414608,19.796131134033203,0.1413239985704422,0,20.728525161743164,1.3118664026260376,0.9831249713897705,0.9673330187797546,0.9352080225944519,0.03198927640914917,5.8575215339660645,6.93981409072876,0.843999981880188,677,3951,0.7120000123977661,-0.03200000151991844,3274,-999.0,-999.0,-999.0,-999.0,True,True
2025-07-05 23:01:31,ZTF25aaubjro,AGN,1.0,1.0,0.0,0.0,0.0,0.0,235.7926728,-21.5028299,18.942012786865234,0.13688541948795319,1,19.328296661376953,2.119999885559082,0.006708330009132624,0.9987499713897705,0.3658510148525238,4.131134510040283,8.409830093383789,15.120134353637695,0.9829999804496765,1,571,0.6060000061988831,-0.2750000059604645,570,-999.0,-999.0,-999.0,-999.0,True,True
2025-07-05 23:01:31,ZTF18aayxpgf,AGN,1.0,1.0,0.0,2.8813227e-32,0.0,0.0,328.5107812,49.3611306,19.553058624267578,0.18468749523162842,1,20.804962158203125,1.2653052806854248,0.9941669702529907,0.792618989944458,0.8132500052452087,0.31700482964515686,7.288498401641846,7.842187404632568,0.9760000109672546,477,1770,0.33399999141693115,-0.009999999776482582,1293,-999.0,-999.0,-999.0,-999.0,True,True
2025-07-05 23:01:31,ZTF18acnlmxt,AGN,1.0,1.0,1.4074364e-38,1.6838226e-19,0.0,0.0,342.272017,54.6556492,17.14413070678711,0.07205533981323242,0,20.728525161743164,1.3118664026260376,1.0,0.8560420274734497,0.5,0.7993953824043274,4.461087226867676,9.439231872558594,0.996999979019165,326,2006,0.31299999356269836,0.014999999664723873,1680,-999.0,-999.0,-999.0,-999.0,True,True
2025-07-05 23:01:31,ZTF25aaubkpm,Other,0.76823723,0.23163658,4.3910466e-09,0.00012624146,0.0,0.76823723,328.7301008,48.0198019,20.4527645111084,0.20786577463150024,0,20.854948043823242,1.2702867984771729,0.5335270166397095,0.7345179915428162,0.931833028793335,1.1208499670028687,3.5576558113098145,6.096191883087158,0.7329999804496765,1,1990,1.2710000276565552,0.0949999988079071,1989,-999.0,-999.0,-999.0,-999.0,True,True
2025-07-05 23:01:46,ZTF17aaajssf,AGN,1.0,1.0,0.0,2.7607858e-13,0.0,0.0,27.8743813,51.7526547,17.372314453125,0.08540134876966476,1,19.58962631225586,6.320000171661377,0.9807919859886169,0.5,0.9845209717750549,0.382321834564209,3.6773922443389893,12.378246307373047,1.0,897,2317,0.37299999594688416,-0.02800000086426735,1420,-999.0,-999.0,-999.0,-999.0,True,True
2025-07-05 23:01:46,ZTF18aaiyucm,AGN,1.0,1.0,0.0,2.6613831e-33,0.0,8.7871464e-38,260.2175928,37.9111758,17.951887130737305,0.11412793397903442,1,20.858558654785156,1.3649519681930542,1.0,0.9920830130577087,0.2951279878616333,0.5683639049530029,8.665292739868164,23.458986282348633,0.9950000047683716,1252,5285,0.14399999380111694,-0.003000000026077032,4033,-999.0,-999.0,-999.0,-999.0,True,True
2025-07-05 23:01:46,ZTF18abmagqa,AGN,1.0,1.0,0.0,1.5867137e-17,0.0,0.0,298.8529686,-2.1459366,19.01377296447754,0.10457934439182281,1,20.742443084716797,1.1986628770828247,1.0,0.6858180165290833,0.8261070251464844,0.9549509882926941,4.431987285614014,8.390463829040527,0.9900000095367432,468,1673,0.9980000257492065,-0.057999998331069946,1205,-999.0,-999.0,-999.0,-999.0,True,True
2025-07-05 23:01:46,ZTF19abvjthp,AGN,1.0,1.0,1.44102315e-36,4.0690096e-09,0.0,0.0,279.9812546,-7.0036825,17.62558364868164,0.09035981446504593,0,20.13425064086914,1.1693251132965088,1.0,0.5,0.5,0.4196248948574066,4.955358028411865,4.969812393188477,0.996999979019165,567,2078,0.7609999775886536,-0.06700000166893005,1511,-999.0,-999.0,-999.0,-999.0,True,True
2025-07-05 23:01:46,ZTF25aaubkzx,AGN,0.99984825,0.99984825,2.3684485e-11,6.6541546e-08,0.0,0.00015155494,342.37568,54.6040589,20.494131088256836,0.210990771651268,1,20.728525161743164,3.4700000286102295,0.11705999821424484,0.9064919948577881,0.9862499833106995,5.0579752922058105,7.409741401672363,8.231547355651855,0.3540000021457672,1,1957,0.4259999990463257,-0.09799999743700027,1956,-999.0,-999.0,-999.0,-999.0,True,True
2025-07-05 23:02:01,ZTF18abvuqmn,Other,0.9688683,0.017624011,3.4738963e-07,0.013507335,0.0,0.9688683,301.2621715,4.9280464,20.011491775512695,0.20464307069778442,0,20.796215057373047,2.4800000190734863,0.9239699840545654,0.7898150086402893,0.8850539922714233,0.11561845242977142,6.717277526855469,8.043611526489258,0.7580000162124634,16,1873,0.8410000205039978,-0.0560000017285347,1857,-999.0,-999.0,-999.0,-999.0,True,True
2025-07-05 23:02:01,ZTF25aaubles,Other,0.9999999,3.4157116e-30,2.1243972e-12,1.2027614e-07,0.0,0.9999999,30.8735887,30.9827405,18.36016845703125,0.1974257528781891,1,19.05576515197754,2.190000057220459,0.0,0.07405950129032135,0.5,9.993128776550293,15.220545768737793,23.556962966918945,1.0,1,2491,0.9269999861717224,-0.4259999990463257,2490,-999.0,-999.0,-999.0,-999.0,True,True
2025-07-05 23:02:01,ZTF18abgufso,AGN,0.7610448,0.7610448,3.1369707e-06,0.22750252,7.591828e-06,0.01144189,26.6096178,51.8145077,17.802345275878906,0.06783035397529602,0,19.522611618041992,2.890000104904175,0.9804940223693848,0.9858930110931396,0.6333159804344177,0.20802727341651917,15.933968544006348,17.505996704101562,1.0,494,2309,0.5370000004768372,-0.023000000044703484,1815,-999.0,-999.0,-999.0,-999.0,True,True
2025-07-05 23:02:01,ZTF19aailuqw,AGN,1.0,1.0,6.4821706e-25,2.6126614e-22,0.0,1.05714e-18,245.1677249,28.9131986,19.86928367614746,0.19066162407398224,0,20.062856674194336,1.1639115810394287,0.9958329796791077,0.07737500220537186,0.8870000243186951,0.028567077592015266,21.277389526367188,26.48139762878418,0.9649999737739563,713,3704,0.8420000076293945,-0.041999999433755875,2991,-999.0,-999.0,-999.0,-999.0,True,True
2025-07-05 23:02:01,ZTF25aaubkwc,Other,1.0,1.9563177e-27,7.063362e-31,2.6379753e-17,0.0,1.0,337.8163652,26.5685643,20.683120727539062,0.19555622339248657,0,20.785844802856445,2.240000009536743,1.0,0.9587079882621765,0.8225420117378235,13.765487670898438,15.156265258789062,15.756132125854492,0.7139999866485596,1,3841,0.8679999709129333,-0.1509999930858612,3840,-999.0,-999.0,-999.0,-999.0,True,True
2025-07-05 23:02:15,ZTF19abbzdhh,AGN,1.0,1.0,0.0,0.0,0.0,0.0,240.9338259,-26.417197,14.27869701385498,0.046680670231580734,1,19.024580001831055,2.3499999046325684,0.5,0.5,0.9970830082893372,0.47167691588401794,4.399008274078369,9.888473510742188,0.9990000128746033,302,587,0.6359999775886536,0.024000000208616257,285,-999.0,-999.0,-999.0,-999.0,True,True
2025-07-05 23:02:15,ZTF22aakizwd,Other,1.0,8.008521e-21,3.198655e-24,3.4695632e-10,0.0,1.0,316.1518924,1.0317287,18.411937713623047,0.16785715520381927,0,20.477685928344727,1.3297970294952393,0.9908329844474792,0.5,0.8933449983596802,0.2891259491443634,2.8901216983795166,3.633634567260742,0.9950000047683716,15,2978,0.3880000114440918,0.023000000044703484,2963,-999.0,-999.0,-999.0,-999.0,True,True
2025-07-05 23:02:15,ZTF25aaubktw,Other,1.0,5.9343296e-30,4.355327e-33,3.4913078e-19,0.0,1.0,337.9032865,27.6590887,19.1986026763916,0.1754421442747116,1,20.79401206970215,1.7000000476837158,0.8603929877281189,0.5,1.0,15.264549255371094,17.72407341003418,19.582603454589844,0.9589999914169312,1,4083,0.4189999997615814,-0.1589999943971634,4082,-999.0,-999.0,-999.0,-999.0,True,True
2025-07-05 23:02:15,ZTF18abadlph,AGN,1.0,1.0,0.0,0.0,0.0,0.0,344.5805599,56.4544637,16.004362106323242,0.049964193254709244,1,20.379812240600586,4.820000171661377,0.5,0.5,0.9051250219345093,0.24230074882507324,0.6541369557380676,6.678413391113281,0.9819999933242798,1603,2056,0.3700000047683716,0.017999999225139618,453,-999.0,-999.0,-999.0,-999.0,True,True
2025-07-05 23:02:16,ZTF19aaxliyo,AGN,1.0,1.0,0.0,0.0,0.0,0.0,240.6635949,-26.987617,15.485788345336914,0.01561072375625372,0,19.024580001831055,2.3399999141693115,0.9958329796791077,0.7908809781074524,0.7019050121307373,0.6440630555152893,5.849574565887451,10.103490829467773,0.9980000257492065,299,587,0.7770000100135803,-0.04800000041723251,288,-999.0,-999.0,-999.0,-999.0,True,True
2025-07-05 23:02:31,ZTF19abwrnun,AGN,1.0,1.0,2.095818e-16,1.893965e-10,0.0,2.2674322e-10,328.3015224,49.1333773,19.2840576171875,0.15282997488975525,0,20.804962158203125,1.4900000095367432,0.9885830283164978,0.5,0.9849169850349426,0.12756115198135376,3.293220281600952,5.241352558135986,0.6819999814033508,98,1974,0.5260000228881836,-0.035999998450279236,1876,-999.0,-999.0,-999.0,-999.0,True,True
2025-07-05 23:02:31,ZTF18aaakpov,Other,0.9970132,1.2963012e-08,1.5047988e-06,0.0029852372,1.9810033e-10,0.9970132,40.0742093,39.0310404,16.791032791137695,0.05757947266101837,0,18.50872039794922,1.3474891185760498,1.0,0.5,0.947172999382019,0.22009119391441345,7.073247909545898,9.354096412658691,0.996999979019165,330,2250,0.019999999552965164,-0.0010000000474974513,1920,-999.0,-999.0,-999.0,-999.0,True,True
2025-07-05 23:02:31,ZTF18abmvtlh,AGN,1.0,1.0,0.0,2.8336877e-10,0.0,0.0,280.2585916,-7.0735875,18.479583740234375,0.14494451880455017,1,20.13425064086914,1.1693251132965088,0.9026250243186951,0.5,0.7551460266113281,0.20309330523014069,1.782155156135559,1.8540223836898804,0.968999981880188,607,2098,5.638000011444092,0.4090000092983246,1491,-999.0,-999.0,-999.0,-999.0,True,True
2025-07-05 23:02:31,ZTF19abyhoyf,AGN,1.0,1.0,2.7424528e-25,1.5637477e-17,0.0,2.744831e-23,342.7478143,48.4379618,18.61110496520996,0.19385795295238495,0,20.207447052001953,1.09109365940094,1.0,0.9018750190734863,0.9622499942779541,0.15299104154109955,5.3971147537231445,7.528242588043213,0.9959999918937683,217,2268,0.3970000147819519,-0.02800000086426735,2051,-999.0,-999.0,-999.0,-999.0,True,True
2025-07-05 23:02:31,ZTF24aaqdfnt,AGN,0.99998164,0.99998164,4.2105135e-15,1.8336841e-05,1.5389415e-32,8.308795e-14,298.8940837,-1.3244596,20.29012107849121,0.19992603361606598,0,20.750207901000977,1.205230951309204,0.9987499713897705,0.8587020039558411,0.7345889806747437,0.04188482463359833,5.801278114318848,11.177212715148926,0.6850000023841858,49,1680,0.8539999723434448,-0.03200000151991844,1631,-999.0,-999.0,-999.0,-999.0,True,True
2025-07-05 23:02:45,ZTF18abadsay,AGN,1.0,1.0,0.0,1.3218599e-33,0.0,0.0,320.0308101,15.2507538,19.182424545288086,0.1708212047815323,1,20.753082275390625,1.2078481912612915,0.9966670274734497,0.0,0.0035416700411587954,0.27605506777763367,11.846109390258789,18.021766662597656,0.9909999966621399,1699,5242,0.5009999871253967,-0.024000000208616257,3543,-999.0,-999.0,-999.0,-999.0,True,True
2025-07-05 23:02:46,ZTF18abgmfjk,AGN,1.0,1.0,0.0,1.2714236e-26,0.0,0.0,264.120407,5.4022469,17.254396438598633,0.09984265267848969,0,20.16106414794922,3.309999942779541,0.9996430277824402,0.8675649762153625,0.9975000023841858,0.1377975195646286,4.953989505767822,14.068132400512695,1.0,2787,3900,1.3049999475479126,-0.07400000095367432,1113,-999.0,-999.0,-999.0,-999.0,True,True
2025-07-05 23:02:46,ZTF18aabejsa,AGN,1.0,1.0,0.0,0.0,0.0,0.0,247.5795369,36.9870139,18.22284698486328,0.09916798770427704,1,20.029844284057617,1.1196610927581787,1.0,0.00774999987334013,0.008097220212221146,0.0507090762257576,16.53426742553711,17.85104751586914,0.9959999918937683,8437,12590,0.8809999823570251,-0.052000001072883606,4153,-999.0,-999.0,-999.0,-999.0,True,True
2025-07-05 23:02:46,ZTF19abilbxj,Other,0.9999677,2.2620557e-09,2.270647e-11,3.2297252e-05,0.0,0.9999677,280.0635991,-7.3007408,18.716583251953125,0.1213403269648552,1,20.13425064086914,2.3499999046325684,0.8494579792022705,0.5,0.9035829901695251,0.22141285240650177,2.6237118244171143,3.691624164581299,0.996999979019165,48,2124,0.367000013589859,-0.03099999949336052,2076,-999.0,-999.0,-999.0,-999.0,True,True
2025-07-05 23:02:46,ZTF25aaubjox,AGN,1.0,1.0,7.9856636e-38,9.359355e-25,0.0,3.3213744e-37,183.7687855,-8.5670238,17.834440231323242,0.06843958795070648,1,19.117494583129883,2.140000104904175,0.9893329739570618,-999.0,-999.0,5.730298042297363,-999.0,-999.0,0.9890000224113464,1,743,1.2259999513626099,-0.2029999941587448,742,-999.0,-999.0,-999.0,-999.0,True,True
2025-07-05 23:03:01,ZTF18abehxxz,AGN,1.0,1.0,0.0,3.029166e-31,0.0,0.0,340.2420306,53.2927696,18.11565589904785,0.12990601360797882,0,20.72697639465332,1.2900205850601196,1.0,0.5,0.40185999870300293,0.2720976173877716,8.95113754272461,9.652568817138672,0.996999979019165,862,3775,0.9190000295639038,-0.06499999761581421,2913,-999.0,-999.0,-999.0,-999.0,True,True
2025-07-05 23:03:01,ZTF18abobpkp,AGN,1.0,1.0,0.0,5.4513876e-21,0.0,0.0,302.0942934,-9.2843045,15.558096885681152,0.014213299378752708,1,20.574787139892578,1.2247238159179688,0.5,0.5,0.5,0.3026159107685089,1.7524386644363403,1.973419189453125,0.996999979019165,266,1176,0.7459999918937683,-0.0430000014603138,910,-999.0,-999.0,-999.0,-999.0,True,True
2025-07-05 23:03:01,ZTF25aaubjrc,AGN,0.9999759,0.9999759,6.256663e-16,2.404549e-05,3.8789066e-19,9.912644e-14,244.8479783,-1.2916018,16.788049697875977,0.15788419544696808,1,19.64048194885254,2.4600000381469727,0.9622920155525208,0.0,0.9934579730033875,6.857627868652344,15.158341407775879,15.79912281036377,0.996999979019165,1,1303,0.8700000047683716,-0.052000001072883606,1302,-999.0,-999.0,-999.0,-999.0,True,True
2025-07-05 23:03:01,ZTF25aaublfs,Other,0.9998683,6.6361036e-18,2.8671092e-08,0.00013172835,2.9396566e-26,0.9998683,34.7375913,51.8860449,18.823474884033203,0.20540887117385864,1,18.984712600708008,1.2026079893112183,0.9991670250892639,0.8971070051193237,0.960457980632782,1.3720329999923706,10.73112964630127,11.551115989685059,0.9940000176429749,2,1987,0.25999999046325684,-0.014999999664723873,1985,-999.0,-999.0,-999.0,-999.0,True,True
2025-07-05 23:03:01,ZTF19abbzfbh,AGN,1.0,1.0,0.0,0.0,0.0,0.0,235.6517132,-21.4488002,17.39901351928711,0.08841324597597122,0,19.328296661376953,2.3299999237060547,1.0,0.9943749904632568,0.9983329772949219,0.5014957785606384,13.686573028564453,15.254063606262207,0.9990000128746033,104,572,0.6430000066757202,-0.029999999329447746,468,-999.0,-999.0,-999.0,-999.0,True,True
2025-07-05 23:03:15,ZTF18abbujqi,AGN,1.0,1.0,0.0,1.9557949e-20,0.0,0.0,321.3288288,14.0489747,19.448524475097656,0.13767768442630768,1,20.766263961791992,1.2375484704971313,0.9975000023841858,0.9705420136451721,0.013416700065135956,0.3828698396682739,6.32982873916626,7.046632289886475,0.8040000200271606,878,3335,0.7549999952316284,-0.02199999988079071,2457,-999.0,-999.0,-999.0,-999.0,True,True
2025-07-05 23:03:16,ZTF18abchhxd,AGN,1.0,1.0,0.0,1.6366577e-31,0.0,0.0,342.445502,53.2888291,17.09318733215332,0.031537167727947235,0,20.656660079956055,2.509999990463257,0.9849110245704651,0.8847919702529907,0.5360000133514404,0.07758644968271255,5.778006076812744,9.99183464050293,0.9860000014305115,765,1694,0.2549999952316284,0.009999999776482582,929,-999.0,-999.0,-999.0,-999.0,True,True
2025-07-05 23:03:16,ZTF25aaubkuk,Other,1.0,6.765113e-27,1.4719402e-30,3.8230925e-17,0.0,1.0,342.0606603,19.3446962,18.745525360107422,0.11314252763986588,1,20.756431579589844,4.739999771118164,0.9885420203208923,0.9798330068588257,0.01333330012857914,4.171777725219727,13.469420433044434,26.719816207885742,0.9679999947547913,1,3885,1.0299999713897705,-0.0430000014603138,3884,-999.0,-999.0,-999.0,-999.0,True,True
2025-07-05 23:03:16,ZTF18abmagvv,AGN,1.0,1.0,0.0,1.2654549e-15,0.0,0.0,298.726821,-0.8676553,18.08587074279785,0.11415988951921463,0,20.12957000732422,1.1720225811004639,0.9987499713897705,0.8944169878959656,0.7668960094451904,0.416804701089859,5.677394390106201,9.032456398010254,0.9959999918937683,562,1530,0.2800000011920929,-0.013000000268220901,968,-999.0,-999.0,-999.0,-999.0,True,True
2025-07-05 23:03:16,ZTF19aadowur,AGN,1.0,1.0,0.0,4.7381104e-13,0.0,0.0,265.5628048,6.1447314,18.5360164642334,0.1261003166437149,0,20.22764778137207,1.1960254907608032,0.9904170036315918,0.977292001247406,0.9605420231819153,0.5083452463150024,8.85400676727295,9.532395362854004,0.9959999918937683,643,1866,0.5410000085830688,-0.004000000189989805,1223,-999.0,-999.0,-999.0,-999.0,True,True
2025-07-05 23:03:30,ZTF18abesoxk,AGN,1.0,1.0,0.0,1.08738924e-35,0.0,0.0,336.6838291,27.9427016,18.608125686645508,0.09455597400665283,1,20.73940658569336,1.3274202346801758,1.0,0.3292680084705353,0.4089289903640747,0.28498131036758423,8.477426528930664,11.313980102539062,0.9620000123977661,2051,3901,0.8809999823570251,-0.04500000178813934,1850,-999.0,-999.0,-999.0,-999.0,True,True
2025-07-05 23:03:31,ZTF19aampbbd,AGN,1.0,1.0,2.8600474e-38,3.245852e-11,0.0,1.4577188e-38,250.5780844,4.9794533,19.086402893066406,0.1194697842001915,0,19.876691818237305,2.799999952316284,0.8730360269546509,0.9944999814033508,0.49895501136779785,0.044557150453329086,5.942463397979736,10.580737113952637,0.9990000128746033,1126,3498,0.5170000195503235,0.004000000189989805,2372,-999.0,-999.0,-999.0,-999.0,True,True
2025-07-05 23:03:31,ZTF18abqbycl,AGN,1.0,1.0,0.0,0.0,0.0,0.0,29.1127498,23.5325022,18.407094955444336,0.16818810999393463,0,18.55898666381836,1.304625153541565,0.9891669750213623,0.9963930249214172,0.0,0.4177044928073883,13.113533973693848,17.81911277770996,0.9919999837875366,159,452,0.6439999938011169,-0.028999999165534973,293,-999.0,-999.0,-999.0,-999.0,True,True
2025-07-05 23:03:31,ZTF18acuuwxg,AGN,1.0,1.0,3.393172e-27,4.509948e-17,0.0,1.0896484e-27,328.2948256,48.8981455,19.070058822631836,0.12656906247138977,1,20.804962158203125,1.2653052806854248,0.9792259931564331,0.9146249890327454,0.9504579901695251,0.4137304723262787,5.690345764160156,8.706933975219727,0.9909999966621399,246,1970,0.47699999809265137,-0.019999999552965164,1724,-999.0,-999.0,-999.0,-999.0,True,True
2025-07-05 23:03:31,ZTF25aaubkmk,Other,0.9999527,7.625458e-08,8.1499786e-11,4.7282818e-05,0.0,0.9999527,300.6361037,5.0703909,20.694528579711914,0.21216116845607758,0,20.825428009033203,1.8799999952316284,0.6452080011367798,0.9329699873924255,0.3474169969558716,3.8150978088378906,5.257012367248535,7.579500198364258,0.8360000252723694,1,2087,0.7929999828338623,-0.25999999046325684,2086,-999.0,-999.0,-999.0,-999.0,True,True
2025-07-05 23:03:46,ZTF18abasxok,AGN,1.0,1.0,3.300432e-23,8.695412e-16,0.0,1.3379096e-20,343.8028269,56.0690009,19.479936599731445,0.12490840256214142,0,20.33294105529785,2.4200000762939453,0.9475420117378235,0.9557920098304749,0.5,0.026133636012673378,6.180230140686035,7.679845809936523,0.9660000205039978,158,2069,0.7149999737739563,-0.014999999664723873,1911,-999.0,-999.0,-999.0,-999.0,True,True
2025-07-05 23:03:46,ZTF25aaubjke,AGN,1.0,1.0,0.0,3.2334738e-38,0.0,0.0,168.0102586,-1.7610314,18.369596481323242,0.11548492312431335,1,19.246068954467773,2.7100000381469727,0.004791670013219118,0.0,0.0783333033323288,5.278691291809082,7.6837849617004395,21.557775497436523,0.9850000143051147,1,979,0.9490000009536743,-0.029999999329447746,978,-999.0,-999.0,-999.0,-999.0,True,True
2025-07-05 23:03:46,ZTF25aaubknf,Other,0.99995184,1.581197e-05,1.34511495e-08,3.231806e-05,0.0,0.99995184,301.3942274,5.3259686,20.13549041748047,0.18645256757736206,0,20.796215057373047,4.929999828338623,0.9096249938011169,0.8558750152587891,0.7684580087661743,8.507739067077637,10.869207382202148,11.893738746643066,0.6579999923706055,1,2093,1.2899999618530273,-0.13600000739097595,2092,-999.0,-999.0,-999.0,-999.0,True,True
2025-07-05 23:03:46,ZTF18abbepbo,AGN,1.0,1.0,0.0,0.0,0.0,0.0,339.8451778,62.9044889,16.414735794067383,0.09782902151346207,1,20.342472076416016,1.186748743057251,0.5,0.5,0.9605000019073486,0.584252655506134,1.7964614629745483,3.180734157562256,0.9980000257492065,1052,2009,0.5440000295639038,0.003000000026077032,957,-999.0,-999.0,-999.0,-999.0,True,True
2025-07-05 23:03:46,ZTF24aaijoya,AGN,0.97866553,0.97866553,0.0,0.021334453,0.0,0.0,239.4759594,-27.3653567,17.25368881225586,0.10134940594434738,1,19.161975860595703,1.2677985429763794,1.0,0.8552079796791077,0.9990000128746033,1.0640016794204712,11.793293952941895,13.869711875915527,0.9959999918937683,246,1148,1.409000039100647,-0.061000000685453415,902,-999.0,-999.0,-999.0,-999.0,True,True
2025-07-05 23:04:01,ZTF18admogwv,AGN,1.0,1.0,0.0,2.367975e-20,0.0,0.0,317.4298079,0.410424,17.032360076904297,0.08644925802946091,1,20.653583526611328,4.869999885559082,0.994583010673523,0.5,0.5,0.20193862915039062,10.804523468017578,11.733826637268066,1.0,927,1657,1.2640000581741333,-0.012000000104308128,730,-999.0,-999.0,-999.0,-999.0,True,True
2025-07-05 23:04:01,ZTF25aaubjuo,AGN,1.0,1.0,0.0,0.0,0.0,0.0,241.0095492,-27.4346734,17.001728057861328,0.048981983214616776,1,19.227907180786133,2.009999990463257,0.002916669938713312,0.9920420050621033,0.7551040053367615,12.954934120178223,13.775754928588867,15.256840705871582,0.984000027179718,1,587,0.37599998712539673,0.057999998331069946,586,-999.0,-999.0,-999.0,-999.0,True,True
2025-07-05 23:04:01,ZTF25aaubkqy,Other,0.99999976,5.2163887e-08,1.5879286e-12,1.3712929e-07,0.0,0.99999976,311.6803788,41.2437456,20.68850326538086,0.20651426911354065,0,20.78816032409668,1.6100000143051147,0.8942080140113831,0.9127079844474792,0.7618510127067566,1.4757128953933716,4.618952751159668,7.234450817108154,0.781000018119812,1,2257,0.6690000295639038,0.03200000151991844,2256,-999.0,-999.0,-999.0,-999.0,True,True
2025-07-05 23:04:01,ZTF18abcctqz,AGN,1.0,1.0,0.0,1.6549561e-34,0.0,0.0,338.7904005,63.8631137,17.298982620239258,0.13165399432182312,0,20.378767013549805,1.1894066333770752,1.0,0.5,0.31487199664115906,0.4993414282798767,1.0079433917999268,7.765429973602295,0.9890000224113464,964,1836,0.421999990940094,-0.014000000432133675,872,-999.0,-999.0,-999.0,-999.0,True,True
2025-07-05 23:04:01,ZTF25aaubjql,Other,0.9989471,5.3266802e-05,0.0009843835,1.5300046e-05,1.6032051e-27,0.9989471,245.0101173,3.7549463,19.271833419799805,0.21641357243061066,1,19.961732864379883,1.7400000095367432,0.9865000247955322,0.5,0.0,13.999567031860352,14.131450653076172,14.381775856018066,0.9800000190734863,1,1757,1.3209999799728394,-0.6000000238418579,1756,-999.0,-999.0,-999.0,-999.0,True,True
2025-07-05 23:04:15,ZTF20acjubnc,Other,1.0,5.0451096e-08,1.5125143e-21,1.8683609e-14,0.0,1.0,340.0936015,53.41566,19.300655364990234,0.13496729731559753,0,20.72697639465332,1.2900205850601196,0.9979169964790344,0.9879170060157776,0.8817920088768005,0.4123980700969696,5.379073619842529,7.8921098709106445,0.8859999775886536,364,3969,0.5569999814033508,-0.028999999165534973,3605,-999.0,-999.0,-999.0,-999.0,True,True
2025-07-05 23:04:16,ZTF25aaubjwf,Other,1.0,1.3713805e-13,9.9683e-11,6.1139254e-09,0.0,1.0,227.6619603,-6.0997623,16.912763595581055,0.1453138142824173,1,19.274213790893555,2.690000057220459,0.0,0.0,0.5,4.064995765686035,18.09328269958496,18.137243270874023,0.9829999804496765,2,2253,0.41999998688697815,-0.3179999887943268,2251,-999.0,-999.0,-999.0,-999.0,True,True
2025-07-05 23:04:16,ZTF18abtjnkd,AGN,1.0,1.0,0.0,3.649269e-19,0.0,0.0,316.6851595,-0.3521425,15.560623168945312,0.05798645690083504,0,20.659500122070312,1.2677985429763794,0.5,1.0,0.5,0.2705445885658264,0.8264964818954468,1.5691988468170166,0.9980000257492065,249,1642,0.4410000145435333,-0.010999999940395355,1393,-999.0,-999.0,-999.0,-999.0,True,True
2025-07-05 23:04:16,ZTF19aaltvzz,Other,0.9999999,2.9230807e-10,1.3515209e-09,1.557246e-07,2.2211005e-25,0.9999999,250.0220553,5.8569589,16.459226608276367,0.15186579525470734,1,19.965497970581055,1.246447205543518,1.0,0.5,0.5,0.5732050538063049,0.9886213541030884,2.0081329345703125,0.9980000257492065,26,1773,1.2400000095367432,-0.06599999964237213,1747,-999.0,-999.0,-999.0,-999.0,True,True
2025-07-05 23:04:16,ZTF25aaubkuv,Other,1.0,2.3507598e-33,2.7879843e-36,4.765285e-19,0.0,1.0,336.8493448,26.3198974,20.42226219177246,0.1923813670873642,0,20.78217124938965,3.4200000762939453,0.9822499752044678,0.6004109978675842,0.9198960065841675,3.447736978530884,8.8858060836792,18.090768814086914,0.24899999797344208,1,4097,0.6050000190734863,0.03799999877810478,4096,-999.0,-999.0,-999.0,-999.0,True,True
2025-07-05 23:04:31,ZTF18abbudpj,AGN,1.0,1.0,0.0,2.3324613e-37,0.0,0.0,339.1261117,63.4329553,16.66998291015625,0.09207446873188019,0,20.378767013549805,1.1894066333770752,0.9962499737739563,0.5,0.3491069972515106,0.1708858162164688,2.1079623699188232,9.637916564941406,0.996999979019165,1098,2013,0.35899999737739563,0.003000000026077032,915,-999.0,-999.0,-999.0,-999.0,True,True
2025-07-05 23:04:31,ZTF19aaxdlot,AGN,1.0,1.0,0.0,5.8734383e-28,0.0,0.0,336.6802746,27.2743223,19.595125198364258,0.15658122301101685,1,20.73940658569336,2.3499999046325684,0.042750000953674316,0.041041698306798935,1.0,0.0496358722448349,4.86042594909668,11.851683616638184,0.7979999780654907,1220,4111,2.296999931335449,0.23399999737739563,2891,-999.0,-999.0,-999.0,-999.0,True,True
2025-07-05 23:04:31,ZTF25aaubjtp,AGN,1.0,1.0,0.0,0.0,0.0,0.0,240.2316196,-26.5367109,18.192697525024414,0.10285571217536926,1,19.024580001831055,3.240000009536743,0.8757920265197754,0.7419880032539368,0.9861670136451721,7.102333068847656,10.00974178314209,12.632574081420898,0.9890000224113464,1,587,0.3630000054836273,-0.06499999761581421,586,-999.0,-999.0,-999.0,-999.0,True,True
2025-07-05 23:04:31,ZTF20abxromy,Other,0.9999262,1.3491651e-09,2.7492982e-11,7.37627e-05,0.0,0.9999262,279.053295,-6.821711,19.007129669189453,0.12567755579948425,0,20.28961181640625,1.1880784034729004,0.976917028427124,0.9199579954147339,0.5,0.13093030452728271,4.3825788497924805,4.811418533325195,0.9900000095367432,11,2032,0.23899999260902405,0.0020000000949949026,2021,-999.0,-999.0,-999.0,-999.0,True,True
2025-07-05 23:04:31,ZTF21aabgvut,AGN,0.9999999,0.9999999,3.64479e-11,3.9084133e-13,0.0,9.8057605e-08,249.5958575,0.8690454,17.21476936340332,0.12747207283973694,1,19.861120223999023,1.2156660556793213,0.9954169988632202,0.978393018245697,0.5855420231819153,0.7553924322128296,22.060256958007812,23.49492073059082,0.01899999938905239,394,2890,0.550000011920929,-0.020999999716877937,2496,-999.0,-999.0,-999.0,-999.0,True,True
2025-07-05 23:04:46,ZTF17aaarqry,AGN,1.0,1.0,0.0,2.4588614e-26,0.0,0.0,33.5811723,51.90231,16.508380889892578,0.06638951599597931,1,19.01897621154785,1.1880784034729004,0.9895830154418945,1.0,0.030089300125837326,0.40596088767051697,7.787044048309326,11.783365249633789,0.996999979019165,2033,3584,0.1979999989271164,-0.006000000052154064,1551,-999.0,-999.0,-999.0,-999.0,True,True
2025-07-05 23:04:46,ZTF18abmagpr,AGN,1.0,1.0,0.0,3.2761897e-20,0.0,0.0,298.9851632,-2.222708,17.880773544311523,0.08349813520908356,0,20.742443084716797,1.1986628770828247,1.0,0.9798750281333923,0.28600001335144043,0.4314546585083008,6.536456108093262,9.13709831237793,0.9959999918937683,1170,1673,0.4269999861717224,0.010999999940395355,503,-999.0,-999.0,-999.0,-999.0,True,True
2025-07-05 23:04:46,ZTF25aaubjtl,Other,0.9999994,7.886265e-10,7.222565e-08,5.0653e-07,0.0,0.9999994,248.6597782,-10.7270721,18.59244728088379,0.10480378568172455,1,19.685548782348633,2.1500000953674316,0.9707080125808716,0.5,0.9987499713897705,13.395623207092285,13.402986526489258,16.918025970458984,1.0,1,2047,0.859000027179718,-0.1889999955892563,2046,-999.0,-999.0,-999.0,-999.0,True,True
2025-07-05 23:04:46,ZTF18abdeaib,AGN,1.0,1.0,0.0,2.1018013e-36,0.0,0.0,262.6175833,19.6084097,18.89731788635254,0.15884995460510254,0,20.076068878173828,1.1880784034729004,0.9941669702529907,0.5,0.0833749994635582,0.20592397451400757,1.7653040885925293,8.416292190551758,0.9950000047683716,1338,2213,1.128999948501587,-0.03400000184774399,875,-999.0,-999.0,-999.0,-999.0,True,True
2025-07-05 23:04:46,ZTF18achevnk,AGN,1.0,1.0,0.0,1.5496624e-24,0.0,0.0,307.8977816,7.948084,17.69325065612793,0.08945325016975403,1,20.723825454711914,2.3299999237060547,0.9863809943199158,0.5,0.8668569922447205,0.07023725658655167,1.6753498315811157,7.782907485961914,0.9959999918937683,882,1919,1.3029999732971191,-0.057999998331069946,1037,-999.0,-999.0,-999.0,-999.0,True,True
2025-07-05 23:05:01,ZTF20achfnup,Other,0.9999925,3.7189894e-11,5.7708764e-13,7.5226503e-06,0.0,0.9999925,279.5493884,-7.6440644,19.846921920776367,0.19818152487277985,1,20.218347549438477,1.231152892112732,0.9762920141220093,0.6703959703445435,0.9556249976158142,0.21904495358467102,5.7093915939331055,7.205498218536377,0.9610000252723694,19,2205,0.722000002861023,-0.03500000014901161,2186,-999.0,-999.0,-999.0,-999.0,True,True
2025-07-05 23:05:01,ZTF18abckrfk,AGN,1.0,1.0,0.0,8.890636e-28,0.0,3.7103433e-27,327.4379997,48.2427493,19.935588836669922,0.1874009072780609,1,20.81834602355957,2.3499999046325684,1.0,0.9278870224952698,0.9018099904060364,0.10589303821325302,4.954607009887695,5.467316627502441,0.7829999923706055,986,5105,0.4129999876022339,-0.020999999716877937,4119,-999.0,-999.0,-999.0,-999.0,True,True
2025-07-05 23:05:01,ZTF18abcphdr,AGN,1.0,1.0,0.0,0.0,0.0,0.0,343.1473867,20.5405553,18.513080596923828,0.0928073450922966,1,20.5828800201416,6.230000019073486,1.0,0.2921069860458374,0.9803609848022461,0.27546921372413635,8.570709228515625,12.293069839477539,0.9739999771118164,2841,4999,0.5519999861717224,-0.02800000086426735,2158,-999.0,-999.0,-999.0,-999.0,True,True
2025-07-05 23:05:01,ZTF18abcwefu,AGN,0.99999905,0.99999905,5.4616136e-32,9.2734626e-07,1.6773362e-38,5.351327e-37,280.3476166,-7.3921718,16.442583084106445,0.07302548736333847,0,20.13425064086914,1.1693251132965088,0.9166510105133057,0.5,0.5,0.09881177544593811,2.2611918449401855,2.9616048336029053,0.996999979019165,554,2124,0.4659999907016754,0.01600000075995922,1570,-999.0,-999.0,-999.0,-999.0,True,True
2025-07-05 23:05:01,ZTF25aaubldk,Other,0.9994917,3.668429e-19,4.754299e-06,0.0005035712,2.7470448e-26,0.9994917,16.558056,24.5975715,17.72991371154785,0.166404590010643,1,20.121658325195312,3.049999952316284,0.0,0.5,0.004999999888241291,12.681782722473145,13.130667686462402,25.21500587463379,1.0,1,2062,1.1080000400543213,-0.4359999895095825,2061,-999.0,-999.0,-999.0,-999.0,True,True
2025-07-05 23:05:15,ZTF18abdlfea,AGN,1.0,1.0,0.0,6.403009e-33,0.0,0.0,264.6700049,5.860537,15.754206657409668,0.019706297665834427,1,20.164487838745117,1.219556212425232,0.9766669869422913,0.4356899857521057,0.1635349988937378,0.23814991116523743,7.604161739349365,8.399863243103027,0.996999979019165,1570,2009,0.3370000123977661,-0.008999999612569809,439,-999.0,-999.0,-999.0,-999.0,True,True
2025-07-05 23:05:16,ZTF18abucmbo,AGN,1.0,1.0,0.0,3.8644e-23,0.0,0.0,301.7604666,4.8865724,18.48849105834961,0.13684213161468506,1,20.796215057373047,1.2208501100540161,0.9452499747276306,0.8187080025672913,0.8822500109672546,0.5745396614074707,7.888329029083252,9.484421730041504,0.9959999918937683,1004,2092,0.9229999780654907,-0.05999999865889549,1088,-999.0,-999.0,-999.0,-999.0,True,True
2025-07-05 23:05:16,ZTF18acsefsi,AGN,1.0,1.0,0.0,2.2756665e-23,0.0,0.0,312.3707909,40.7145938,18.034503936767578,0.11536618322134018,0,20.78816032409668,1.2026079893112183,1.0,0.5,0.5,0.0903344377875328,1.4992469549179077,1.8306739330291748,0.996999979019165,914,2193,0.6790000200271606,-0.028999999165534973,1279,-999.0,-999.0,-999.0,-999.0,True,True
2025-07-05 23:05:16,ZTF19aaclvkg,AGN,1.0,1.0,3.931418e-36,8.742426e-12,0.0,0.0,248.8304187,-10.4830041,17.302448272705078,0.09922488033771515,0,19.685548782348633,1.2091546058654785,0.996042013168335,0.9760419726371765,0.5001069903373718,0.11515631526708603,10.3038911819458,10.70445728302002,0.996999979019165,703,2228,0.3319999873638153,-0.012000000104308128,1525,-999.0,-999.0,-999.0,-999.0,True,True
2025-07-05 23:05:16,ZTF25aaubkiu,AGN,0.99996173,0.99996173,1.1230427e-10,3.1634884e-09,0.0,3.827449e-05,343.418086,55.4487341,19.51203155517578,0.20061372220516205,1,20.340789794921875,1.649999976158142,0.6845830082893372,0.9422500133514404,0.9891669750213623,9.317330360412598,10.45609188079834,12.021652221679688,0.9819999933242798,1,2016,0.5609999895095825,-0.12700000405311584,2015,-999.0,-999.0,-999.0,-999.0,True,True
2025-07-05 23:05:31,ZTF19absjqgt,Other,0.95885146,0.041147426,9.527332e-09,1.0854075e-06,0.0,0.95885146,316.9857241,56.5008863,19.47951316833496,0.1936739981174469,1,20.536680221557617,1.4899407625198364,1.0,0.5,0.8230419754981995,1.2634443044662476,7.215080261230469,10.388741493225098,0.9089999794960022,7,2111,0.5120000243186951,-0.003000000026077032,2104,-999.0,-999.0,-999.0,-999.0,True,True
2025-07-05 23:05:31,ZTF20abmtqaa,AGN,1.0,1.0,1.1585901e-33,3.5235577e-24,0.0,6.0818354e-28,337.8036761,27.2290357,20.697601318359375,0.20261238515377045,0,20.79401206970215,1.590000033378601,0.992917001247406,0.0037499999161809683,0.8839340209960938,0.2135242223739624,11.567020416259766,14.2677583694458,0.5820000171661377,620,3837,0.9079999923706055,-0.01600000075995922,3217,-999.0,-999.0,-999.0,-999.0,True,True
2025-07-05 23:05:31,ZTF25aaublfi,Other,1.0,0.0,1.3186353e-35,1.79981e-22,0.0,1.0,24.0557075,30.2957823,18.511356353759766,0.16796386241912842,1,19.19512939453125,1.2000000476837158,0.5,0.9380829930305481,0.5,7.65681791305542,12.166059494018555,17.98758888244629,1.0,1,3811,0.2770000100135803,-0.004999999888241291,3810,-999.0,-999.0,-999.0,-999.0,True,True
2025-07-05 23:05:31,ZTF19aaqsaal,AGN,1.0,1.0,0.0,6.2552525e-19,0.0,0.0,299.8026613,-1.7098127,18.243350982666016,0.1385686695575714,0,20.75149154663086,1.1947046518325806,0.9828749895095825,0.8261550068855286,0.573839008808136,0.28388574719429016,12.175776481628418,13.839406967163086,0.9959999918937683,498,1696,0.722000002861023,-0.017999999225139618,1198,-999.0,-999.0,-999.0,-999.0,True,True
2025-07-05 23:05:31,ZTF25aaubkvv,Other,1.0,1.6621181e-34,3.1444223e-37,3.5652234e-19,0.0,1.0,337.6410053,26.7786471,20.346120834350586,0.1875905841588974,0,20.785844802856445,3.380000114440918,1.0,0.8494579792022705,0.984749972820282,6.136739253997803,8.448888778686523,11.996519088745117,0.8989999890327454,2,4107,0.492000013589859,-0.024000000208616257,4105,-999.0,-999.0,-999.0,-999.0,True,True
2025-07-05 23:05:46,ZTF18abadzrd,AGN,1.0,1.0,0.0,6.852489e-19,0.0,0.0,317.6633879,56.3658947,20.29951286315918,0.20703083276748657,0,20.536680221557617,4.519999980926514,0.9975000023841858,0.9987499713897705,0.8450599908828735,0.323131263256073,5.726436614990234,6.792537689208984,0.652999997138977,616,2138,0.8119999766349792,-0.007000000216066837,1522,-999.0,-999.0,-999.0,-999.0,True,True
2025-07-05 23:05:46,ZTF19aadoukj,AGN,0.99989927,0.99989927,0.0,0.00010076012,0.0,0.0,258.2498998,-9.3669522,17.515405654907227,0.0662386417388916,1,19.98285675048828,2.119999885559082,0.9954760074615479,0.5,0.8926190137863159,0.28296536207199097,2.591573476791382,4.196751117706299,0.9710000157356262,879,1252,1.0770000219345093,-0.061000000685453415,373,-999.0,-999.0,-999.0,-999.0,True,True
2025-07-05 23:05:46,ZTF18abdkvga,AGN,1.0,1.0,0.0,1.1369602e-35,0.0,0.0,337.3610541,62.8818202,16.556934356689453,0.12339423596858978,0,20.291486740112305,1.1433824300765991,0.9284999966621399,0.005416669882833958,0.9932140111923218,0.2888101637363434,9.847617149353027,10.087486267089844,0.996999979019165,706,2019,0.5040000081062317,-0.02500000037252903,1313,-999.0,-999.0,-999.0,-999.0,True,True
2025-07-05 23:05:46,ZTF19aawrmuc,AGN,0.99999654,0.99999654,1.801082e-21,3.4706438e-06,5.13089e-26,3.573745e-21,278.8517924,-6.700847,19.51512908935547,0.1555207222700119,0,20.28961181640625,2.109999895095825,0.9509999752044678,0.5643900036811829,0.7207080125808716,0.15968769788742065,7.371148109436035,10.095810890197754,0.9679999947547913,264,1875,0.5789999961853027,-0.03400000184774399,1611,-999.0,-999.0,-999.0,-999.0,True,True
2025-07-05 23:05:46,ZTF25aaubkng,Other,0.99982846,5.3258005e-05,3.275698e-08,0.000118250486,0.0,0.99982846,301.9597873,5.1804875,20.35249137878418,0.20588332414627075,0,20.796215057373047,2.509999990463257,0.8407080173492432,0.945792019367218,0.4854229986667633,6.563302516937256,8.77844524383545,12.49440860748291,0.9909999966621399,1,2035,0.48500001430511475,-0.023000000044703484,2034,-999.0,-999.0,-999.0,-999.0,True,True
